id,name,type
,ECAI '90 Workshop on Truth Maintenance Systems,
2756313409,ICPP Workshops on Collaboration and Mobile Computing,C
74726891,Applied Intelligence,J
2759875671,International Symposium Organized Jointly with Working Group Provably Correct Systems on Formal Techniques in Real-Time and Fault-Tolerant Systems,C
112262039,Multimedia Systems,J
1176104424,International Conference on Cryptology in India,C
159543560,Connection Science,J
1171876160,Cryptology and Network Security,C
,International East/West Database Workshop,
,International Bi-Conference Workshop on Agent-Oriented Information Systems,
1190496814,Multimedia Information Retrieval,C
,IFIP TC11/WG11.3 18th Annual Conference on Data and Applications Security,
1130809216,International Colloquium on Grammatical Inference,C
1125007497,Workshop on Approximation and Online Algorithms,C
1192015008,Conference on Scientific Computing,C
168680287,IEEE Transactions on Signal Processing,J
2624605703,Military Communications Conference,C
,50 Years of Integer Programming,
2625784626,Software Engineering Symposium on Practical Software Development Environments,C
,IEE Proceedings - Software,
107923245,Computing in Science and Engineering,J
1134069326,Conference on Advanced Information Systems Engineering,C
,Proceedings of the International Workshop on Algebraic and Logic Programming,
63392143,Computer Networks,J
1137850760,International Conference on Computer Communications and Networks,C
2754698934,International Conference on Trust Management,C
155526855,Computational Linguistics,J
185008460,Computer Vision and Image Understanding,J
106296714,Lecture Notes in Computer Science,J
,ISOTAS '96 Proceedings of the Second JSSST International Symposium on Object Technologies for Advanced Software,
2757048162,Policies for Distributed Systems and Networks,C
1183679797,European Symposium on Research in Computer Security,C
1141157497,International Conference on Coordination Models and Languages,C
1195800536,Parallel Computing,C
1150919317,International Symposium on Microarchitecture,C
1155137614,Principles of Knowledge Representation and Reasoning,C
83624231,"Software Testing, Verification & Reliability",J
1182245819,"Machines, Computations, and Universality",C
1166500626,International Conference on Knowledge Capture,C
2754537352,RIAO Conference,C
1182309694,Decision Support Systems,C
1194094125,Conference on Information and Knowledge Management,C
1163686456,Mathematical Foundations of Computer Science,C
104191512,Annals of Software Engineering,J
185256354,Information Technology & People,J
2606605052,IEEE International Conference on Requirements Engineering,C
,"Programming Methodology, 4th Informatik Symposium",
1189194555,Fundamentals of Computation Theory,C
,"Proceedings of the International Conference on Future Tendencies in Computer Science, Control and Applied Mathematics",
2755546534,International Parallel Processing Symposium,C
1169806927,Formal Methods,C
,"Systems, Proceedings of a Symposium on Formal Techniques in Real-Time and Fault-Tolerant Systems",
172477885,Annals of Pure and Applied Logic,J
57950554,International Journal of Intelligent Systems,J
,Proceedings of the 1977 annual conference on ,
1130985203,Knowledge Discovery and Data Mining,C
78735424,Cognitive Science,J
2626904709,International Workshop on Mobile Commerce,C
202812398,Information Systems Research,J
80113298,Journal of the Association for Information Science and Technology,J
1153382799,"IEEE International Conference on High Performance Computing, Data, and Analytics",C
1186985151,International Conference on Computer Design,C
2626205625,Formal Methods in Software Practice,C
,VDM '91 Proceedings of the 4th International Symposium of VDM Europe on Formal Software Development-Volume I: Conference Contributions - Volume I,
1204434967,Applications and Theory of Petri Nets,C
1128132410,International Conference on Computer Aided Design,C
,FODO,
1162850487,Fundamentals of Software Engineering,C
30698027,IEEE Transactions on Knowledge and Data Engineering,J
2756071452,European Signal Processing Conference,C
,Proceedings of the European symposium on Software development environments and CASE technology,
1137552346,Static Analysis Symposium,C
1180513217,European Conference on Information Retrieval,C
2754916356,International Conference on Computer Assisted Learning,C
137773608,Nature,J
1204557082,International Workshop on Principles of Software Evolution,C
1123908652,"Databases, Information Systems, and Peer-to-Peer Computing",C
1159482685,Algorithm Engineering and Experimentation,C
1177622950,Conference on Learning Theory,C
114241109,IEEE Intelligent Systems,J
,Time and logic,
,JELIA '90 Proceedings of the European workshop on Logics in AI,
2756309959,International Conference on Software Reuse,C
148561398,Scientometrics,J
79460864,Information Retrieval,J
2756173985,International PROLAMAT Conference on Human Aspects in Computer Integrated Manufacturing,C
1190643002,Software Product Lines,C
2756067413,International Conference on Theoretical Aspects of Computer Software,C
2757547734,"International Workshop and International Workshop on Approximation, Randomization, and Combinatorial Optimization. Algorithms and Techniques",C
24191132,IEEE Pervasive Computing,J
1154752525,Ubiquitous Intelligence and Computing,C
2754031194,"International Conference on User Modeling, Adaptation, and Personalization",C
1192664773,Database and Expert Systems Applications,C
2758012628,"REX Workshop on Stepwise Refinement of Distributed Systems, Models, Formalisms, Correctness",C
142627899,ACM Transactions on Software Engineering and Methodology,J
2754362366,IEEE Computer Society International Conference,C
1201110412,International Conference on Logic Programming,C
25538012,International Journal of Computer Vision,J
1168671587,Adaptive Agents and Multi-Agents Systems,C
,KI '96 Proceedings of the 20th Annual German Conference on Artificial Intelligence: Advances in Artificial Intelligence,
,Proceedings of the Advanced Course on General Net Theory of Processes and Systems: Net Theory and Applications,
2760652811,Formal Aspects of Component Software,C
1127352206,Programming Language Design and Implementation,C
73987262,ACM Sigois Bulletin,J
1140213147,Theory and Application of Cryptographic Techniques,C
,DIPES '02 Proceedings of the IFIP 17th World Computer Congress - TC10 Stream on Distributed and Parallel Embedded Systems: Design and Analysis of Distributed Embedded Systems,
,Lisp and Symbolic Computation archive,
,Proceedings of the International Conference on Mathematical Studies of Information Processing,
,"CDB '97 Second International Workshop on Constraint Database Systems, Constraint Databases and Their Applications",
1140902380,"Mathematical Methods, Models, and Architectures for Network Security Systems",C
123019304,Neural Networks,J
,Proceedings of the International Workshop on Graph Transformations in Computer Science,
1160432824,Integrated Network Management,C
2756318837,International Conference on Deductive and Object-Oriented Databases,C
,"Proceedings of the Fifteenth IFIP WG6.1 International Symposium on Protocol Specification, Testing and Verification XV",
1128202388,Web Information Systems Engineering,C
,RIDS '95 Proceedings of the Second International Workshop on Rules in Database Systems,
1124077590,European Conference on Computer Vision,C
,"Mustererkennung 2000, 22. DAGM-Symposium",
1192655580,Empirical Methods in Natural Language Processing,C
57667410,Annals of Operations Research,J
1145073645,Theory and Applications of Satisfiability Testing,C
1185109434,Operating Systems Design and Implementation,C
1203927539,European Conference on Web Services,C
1191172908,Algebraic Methodology and Software Technology,C
,IWTCS Proceedings of the IFIP TC6 11th International Workshop on Testing Communicating Systems,
1123349196,ACM/IEEE International Conference on Mobile Computing and Networking,C
3084184,Computer Networks and Isdn Systems,J
2757131477,International Conference on Cryptology in Africa,C
,Higher-Order and Symbolic Computation archive,
2758123139,Selected Areas in Cryptography,C
,"Semantics-Directed Compiler Generation, Proceedings of a Workshop",
1191926394,Graph Drawing,C
2538859667,Theorem Proving in Higher Order Logics,C
1132256673,High Level Design Validation and Test,C
2625962009,Theoretical Issues In Natural Language Processing,C
90199469,Annals of Mathematics and Artificial Intelligence,J
1134913378,Network and Operating System Support for Digital Audio and Video,C
1127759574,Artificial Intelligence in Medicine in Europe,C
60379886,ACM Sigarch Computer Architecture News,J
,"Verteilte Künstliche Intelligenz und kooperatives Arbeiten, 4. Internationaler GI-Kongress Wissensbasierte Systeme",
1128498849,Unifying Theories of Programming,C
30128005,Journal of Network and Computer Applications,J
157670870,IEEE Transactions on Computers,J
57293258,Management Information Systems Quarterly,J
,ISD,
,Temporal Logic in Specification,
1134440762,Conference on Automated Deduction,C
975621743,Presence: Teleoperators & Virtual Environments,J
,"Coordination Technology for Collaborative Applications - Organizations, Processes, and Agents [ASIAN 1996 Workshop]",
,"OTM Confederated International Conferences ""On the Move to Meaningful Internet Systems""",
193920097,Mathematical Programming,J
,Proceedings of the 7th IFIP WG6.1 International Conference on Formal Description Techniques VII,
,ISW '97 Proceedings of the First International Workshop on Information Security,
1201250571,Intelligent Data Analysis,C
2754903391,"Wissensbasierte Systeme, . Internationaler GI-Kongress",C
1124147936,Practical Aspects of Declarative Languages,C
63576417,Internet Research,J
1160389874,Security and Privacy in Mobile Information and Communication Systems,C
39012697,Fundamenta Informaticae,J
,GWAI '92 Proceedings of the 16th German Conference on Artificial Intelligence: Advances in Artificial Intelligence,
8351582,IEEE Transactions on Software Engineering,J
2754781246,ACM Symposium on Applied Computing,C
,"Unifying Petri Nets, Advances in Petri Nets",
2760443345,Mathematical and Engineering Methods in Computer Science,C
1190910084,Symposium on the Theory of Computing,C
12943752,Wirtschaftsinformatik und Angewandte Informatik,J
,SC'07 Proceedings of the 6th international conference on Software composition,
1184001023,Conference of the Centre for Advanced Studies on Collaborative Research,C
,HUG '93 Proceedings of the 6th International Workshop on Higher Order Logic Theorem Proving and its Applications,
,CTRS '92 Proceedings of the Third International Workshop on Conditional Term Rewriting Systems,
,Proceedings of the International Conference on Cryptography: Policy and Algorithms,
2764364775,electronic imaging,J
1156109491,Statistical and Scientific Database Management,C
1130451194,International Conference on Communications,C
,Proceedings of the 9th International Conference on Computer Performance Evaluation: Modelling Techniques and Tools,
1178622071,Grid Computing,C
,Proceedings of the 2009 International Cross-Disciplinary Conference on Web Accessibililty (W4A),
1200430907,Eurographics Symposium on Rendering Techniques,C
1130478978,IEEE/IFIP International Conference on Software Architecture,C
140218187,Journal of Grid Computing,J
1173770489,Software Engineering and Knowledge Engineering,C
2759279913,International Symposium on Semantics of Data Types,C
,Distributed Artificial Intelligence,
2759718255,International Workshop on Groupware,C
81616010,"Designs, Codes and Cryptography",J
,The Analysis of Concurrent Systems,
,Das'01 Proceedings of the fifteenth annual working conference on Database and application security,
,Proceedings of the IFIP TC8 / WG8.1 Working Conference on Engineering Information Systems in the Internet Context,
,Functional Programming,
,AI '96 Proceedings of the 11th Biennial Conference of the Canadian Society for Computational Studies of Intelligence on Advances in Artificial Intelligence,
193368155,Journal of Graph Theory,J
1197908299,Ambient Intelligence,C
,"Begründungsverwaltung, Beiträge zu einem Workshop über Reason Maintenance",
1150208541,Foundations of Computer Science,C
,JMLC '97 Proceedings of the Joint Modular Languages Conference on Modular Programming Languages,
,Proceedings of the Second International Workshop on Computer Algebra and Parallelism,
1134066369,Advanced Visual Interfaces,C
4650632,International Journal of Speech Technology,J
1137516283,Advances in Databases and Information Systems,C
1188965700,Research in Computational Molecular Biology,C
41449414,ACM Transactions on Programming Languages and Systems,J
,PPCP,
1132593990,Extending Database Technology,C
1176326080,Open Source Systems,C
1125063881,International Conference on Formal Concept Analysis,C
,JELIA '92 Proceedings of the European Workshop on Logics in AI,
197419112,"Journal of Logic, Language and Information",J
1192804102,Combinatorial Pattern Matching,C
,East/West Database Workshop,
37707677,"Computer Languages, Systems & Structures",J
1152082401,Embedded and Real-Time Computing Systems and Applications,C
1123621769,Conference on Multimedia Modeling,C
68263103,North-holland Mathematics Studies,J
2481449237,Human-Computer Interaction,J
,Proceedings of the Sagamore Computer Conference on Parallel Processing,
2759400282,"Conference on Security, Steganography, and Watermarking of Multimedia Contents",C
106992369,Journal of Computer Security,J
2756386172,Colloquium on trees in Algebra and Programming,C
1129611459,Formal Methods for Open Object-Based Distributed Systems,C
1180629300,"Modeling, Analysis, and Simulation On Computer and Telecommunication Systems",C
,Proceedings of the IFIP TC8 WG8.1 Fourth Working Conference on Diffusing Software Products and Process Innovations,
1140657324,International Conference on Computational Logistics,C
2754095953,International Workshop on Persistent Object Systems,C
2532200668,Symposium on Large Spatial Databases,C
,TPPP '94 Proceedings of the International Workshop on Theory and Practice of Parallel Programming,
,Rules in Database Systems,
44535979,"Applicable Algebra in Engineering, Communication and Computing",J
,Selected Papers from the International Seminar on Generic Programming,
94821547,Computers & Graphics,J
1126517753,International Conference on Electronic Publishing,C
,"5th International Conference on Software Quality Days, SWQD 2013",
,Selected papers from the 5th LOMAPS Workshop on Analysis and Verification of Multiple-Agent Languages,
128250343,Formal Aspects of Computing,J
,HCI '96 Proceedings of HCI on People and Computers XI,
,Proceedings of the IFIP TC 2 WG 2.1 international workshop on Algorithmic languages and calculi,
1165841369,Workshop on Graph-Theoretic Concepts in Computer Science,C
1120209348,Rewriting Techniques and Applications,C
123849098,Behaviour & Information Technology,J
45497385,Pattern Analysis and Applications,J
42286584,Journal of Complexity,J
1138732554,"Conference on Object-Oriented Programming Systems, Languages, and Applications",C
2758509903,International Symposium on Theoretical Aspects of Computer Software,C
2756351210,International Conference on Advances in Production Management Systems,C
17421805,Computer-aided Design,J
1203052477,Euromicro Conference on Real-Time Systems,C
,"A Decade of Concurrency, Reflections and Perspectives, REX School/Symposium",
51360982,Automatica,J
,Proceedings of the 21st annual IFIP WG 11.3 working conference on Data and applications security,
1148878455,Business Information Systems,C
1149542749,Partial Evaluation and Semantic-Based Program Manipulation,C
57050787,Advances in Computational Mathematics,J
,"Program Construction, International Summer Schoo",
1178070762,Symposium on Theoretical Aspects of Computer Science,C
2623255502,International Workshop on Research Issues in Data Engineering,C
1136496851,Scandinavian Workshop on Algorithm Theory,C
2533150121,Public Key Cryptography,C
30338973,Universal Access in The Information Society,J
23830393,"Electronic Government, An International Journal",J
1162226489,Embedded Software,C
,EWCBR '93 Selected papers from the First European Workshop on Topics in Case-Based Reasoning,
2939117604,"Journal of Combinatorial Theory, Series B",J
,"GWAI '91 15. Fachtagung für Künstliche Intelligenz,",
50368787,Electronic Notes in Theoretical Computer Science,J
93469583,Computers and The Humanities,J
1140684652,International ACM SIGIR Conference on Research and Development in Information Retrieval,C
6725529,IEEE Software,J
,OODS '86 Proceedings on the 1986 international workshop on Object-oriented database systems,
1131672992,"Languages, Compilers, and Tools for Embedded Systems",C
1175089206,International Conference on Management of Data,C
,2nd International Symposium on Foundations of Health Information Engineering and Systems,
1170827922,Next Generation Information Technologies and Systems,C
119757635,Annals of Statistics,J
176024842,Rundbrief Der Gi-fachgruppe 5.10 Informationssystem-architekturen,J
1194005070,Aspect-Oriented Software Development,C
99781599,Journal of Automated Reasoning,J
1140216390,International Conference on Information Systems,C
1180547793,"Verification, Model Checking and Abstract Interpretation",C
1193566715,Distributed Systems: Operations and Management,C
1163887669,Natural Language Generation,C
1162013546,Conference on Computational Complexity,C
,Transactions on Petri Nets and Other Models of Concurrency II,
1123496967,Foundations of Software Technology and Theoretical Computer Science,C
1184048318,International Workshop on Security,C
,Proceedings of the ESPRIT WG CONTESSA Workshop on Constraint Databases and Applications,
1138360521,Databases in Networked Information Systems,C
414566,Pattern Recognition,J
1163902177,International Conference on Robotics and Automation,C
1174934631,International Conference on Networks,C
2754737771,International Symposium on Design and Implementation of Symbolic Computation Systems,C
1171178643,Symposium on Operating Systems Principles,C
75534514,Constraints - An International Journal,J
1183478919,International Conference on Data Mining,C
62148650,Machine Learning,J
,Proceedings of the 2nd Conference of the European Cooperation on Informatics: Information Systems Methodology,
44643521,The Computer Journal,J
2758428153,Communications and Multimedia Security,C
,ServiceWave '08 Proceedings of the 1st European Conference on Towards a Service-Based Internet,
1173792781,Security and Cryptography for Networks,C
,Papers from the Workshop ``Theory and Applications of Nested Relations and Complex Objects' on Nested Relations and Complex Objects,
,EPEW'10 Proceedings of the 7th European performance engineering conference on Computer performance engineering,
1141821850,"International Colloquium on Automata, Languages and Programming",C
2764557503,Description Logics,J
1188739475,Meeting of the Association for Computational Linguistics,C
,CCL '94 Proceedings of the First International Conference on Constraints in Computational Logics,
1170602061,Logical and Computational Complexity,C
5437875,Statistics and Computing,J
19610489,"ACM Transactions on Multimedia Computing, Communications, and Applications",J
,Proceedings of the Second International Symposium on Formal Techniques in Real-Time and Fault-Tolerant Systems,
2759411377,Adaptive Hypermedia and Adaptive Web-Based Systems,C
2759699725,International Workshop on Larch,C
1160919455,International Conference on Software Maintenance,C
32326811,The Journal of Supercomputing,J
2758088042,"Real-Time: Theory in Practice, REX Workshop",C
130014885,Theory of Computing Systems / Mathematical Systems Theory,J
1155608529,International Semantic Web Conference,C
,KI '94 Proceedings of the 18th Annual German Conference on Artificial Intelligence: Advances in Artificial Intelligence,
1121493235,"Artificial Intelligence: Methodology, Systems, Applications",C
90727058,Theoretical Computer Science,J
2755158973,European conference on Model driven architecture-foundations and applications,C
72366220,Combinatorica,J
2756132311,International Conference on Pairing-based Cryptography,C
,POS,
2764986464,Springer US,J
1141769385,European Conference on Principles of Data Mining and Knowledge Discovery,C
2625903401,Software Engineering in Health Care,C
,COMPCON '96. Technologies for the Information Superhighway Digest of Papers,
,Pernambuco Summer School on Software Engineering,
1181602175,Workshops on Enabling Technologies: Infrastracture for Collaborative Enterprises,C
84409463,Acta Informatica,J
1129385027,International Conference on Information Systems Security,C
,Proceedings of the International Sympoisum on Semantics of Concurrent Computation,
2764813624,BRICS Report Series,J
1178327129,Pacific-Asia Conference on Knowledge Discovery and Data Mining,C
1140449422,International Joint Conference on Neural Network,C
1163725243,British National Conference on Databases,C
1122827389,Job Scheduling Strategies for Parallel Processing,C
,"CG '91 Proceedings of the International Workshop on Computational Geometry - Methods, Algorithms and Applications",
148521650,International Journal of Parallel Programming,J
1190377140,Theoretical Aspects of Rationality and Knowledge,C
2764967264,Storage and Retrieval for Image and Video Databases,J
1145019647,IEEE Virtual Reality Conference,C
38677346,Evolutionary Computation,J
,SSD '91 Proceedings of the Second International Symposium on Advances in Spatial Databases,
1189246982,European Conference on Symbolic and Quantitative Approaches to Reasoning and Uncertainty,C
1203999783,International Joint Conference on Artificial Intelligence,C
1149416356,Digital Identity Management,C
,Proceedings of the International Workshop on Semantics of Specification Languages (SoSL),
147953040,Information Processing Letters,J
2754504537,International Symposium on Programming Language Implementation and Logic Programming,C
1146416605,Trust and Privacy in Digital Business,C
186921487,ACM Sigsoft Software Engineering Notes,J
1202201565,International Conference on Web Services,C
,Proceedings of the IFIP WG 11.3 Thirteenth International Conference on Database Security: Research Advances in Database and Information Systems Security,
1152238068,Business Process Management,C
1158589615,International Conference on Service Oriented Computing,C
1131743930,Working Conference on Reverse Engineering,C
,Proceedings of ADL '97 Forum on Research and Technology. Advances in Digital Libraries,
928796702,Siam Journal on Optimization,J
122199241,Software - Practice and Experience,J
,GI - 10. Jahrestagung,
1168542559,Data and Knowledge Engineering,C
1136691831,International Conference on Supercomputing,C
83386566,Human Factors,J
1194923781,Multiagent System Technologies,C
,"ARTDB '97 Proceedings of the Second International Workshop on Active, Real-Time, and Temporal Database Systems",
,International School on Advanced Functional Programming,
,AII '92 Proceedings of the International Workshop on Analogical and Inductive Inference,
,NAPAW '92 Proceedings of the First North American Process Algebra Workshop,
1124527938,Real-Time Systems Symposium,C
207023548,Neural Computation,J
1199533187,Foundations of Software Engineering,C
1202990997,Workshop on Software and Performance,C
2607379586,Intelligent Tutoring Systems,C
,MAAMAW '96 Proceedings of the 7th European workshop on Modelling autonomous agents in a multi-agent world : agents breaking away: agents breaking away,
2606280534,International Conference on Supporting Group Work,C
1145597874,Conference on Software Maintenance and Reengineering,C
106179100,Journal of Information Science and Engineering,J
86488779,Journal of Logic Programming,J
1125048215,European Conference on Research and Advanced Technology for Digital Libraries,C
1144830660,Pacific Rim International Conference on Multi-Agents,C
2754242139,International Conference on Knowledge-Based and Intelligent Information and Engineering Systems,C
1162100051,Product Focused Software Process Improvement,C
1164975091,International Conference on Computer Vision,C
,JavaCard '00 Revised Papers from the First International Workshop on Java on Smart Cards: Programming and Security,
2754882675,Glasgow Workshop on Functional Programming,C
2756339047,International Workshop on Graph-Grammars and Their Application to Computer Science,C
1144363157,Computer Analysis of Images and Patterns,C
1198121106,Recent Advances in Intrusion Detection,C
,DIPES '00 Proceedings of the IFIP WG10.3/WG10.4/WG10.5 International Workshop on Distributed and Parallel Embedded Systems: Architecture and Design of Distributed Embedded Systems,
,Graphics and Robotics,
1190086121,Australian Joint Conference on Artificial Intelligence,C
,"Lectures on Petri Nets I: Basic Models, Advances in Petri Nets, the volumes are based on the Advanced Course on Petri Nets",
37538908,IEEE Transactions on Very Large Scale Integration Systems,J
1200343872,International Workshop on Digital Watermarking,C
1131576334,International Conference on Adaptive and Natural Computing Algorithms,C
,USAB'07 Proceedings of the 3rd Human-computer interaction and usability engineering of the Austrian computer society conference on HCI and usability for medicine and health care,
1197584895,Asian Semantic Web Conference,C
,Proceedings of the 1978 annual conference on ,
,Proceedings. IEEE International Computer Performance and Dependability Symposium. IPDS'98 (Cat. No.98TB100248),
177675236,Journal of Symbolic Logic,J
1160213847,International Symposium on Computers and Communications,C
2754330098,International Conference on Parallel Architectures and Languages Europe,C
,Architecting Dependable Systems III,
1163280044,Flexible Query Answering Systems,C
98930721,"IEEE Transactions on Acoustics, Speech, and Signal Processing",J
10169007,Knowledge Based Systems,J
,Proceedings of the IFIP international working conference on Information system concepts: Towards a consolidation of views,
2615919549,IEEE Computer Security Foundations Symposium,C
,SDL '99#R##N#The Next Millennium,
1166315290,User Interface Software and Technology,C
,International Hybrid Systems Workshop,
1198129048,Languages and Compilers for Parallel Computing,C
11065456,Concurrency and Computation: Practice and Experience,J
,Issues in Agent Communication,
128025751,Speech Communication,J
37879656,Journal of Systems and Software,J
1132800348,Electronic Government,C
1171002971,Logic in Computer Science,C
180847057,Journal of Systems Integration,J
1151161434,International Conference on Autonomic Computing,C
,GI - 9. Jahrestagung,
38703467,ACM Transactions on Modeling and Computer Simulation,J
2754635670,European Workshop on Software Process Technology,C
2760802481,International workshop on Model Checking Software,C
33562827,IEEE Intelligent Systems & Their Applications,J
163019073,Ai Magazine,J
2756308493,European PVM/MPI Users Group Meeting on Recent Advances in Parallel Virtual Machine and Message Passing Interface,C
20211220,Journal of Web Semantics,J
12529635,Computers & Security,J
47057106,Journal of Logic and Computation,J
,"TCLTK'96 Proceedings of the 4th conference on USENIX Tcl/Tk Workshop, 1996 - Volume 4",
1166923268,International Conference on Natural Language Generation,C
21029587,Science of Computer Programming,J
1157056623,Data Integration in the Life Sciences,C
1134271186,International Conference on Intelligent Computing,C
,Pictorial Information Systems,
,TCGOV'05 Proceedings of the 2005 international conference on E-Government: towards Electronic Democracy,
1159071770,Tools and Algorithms for Construction and Analysis of Systems,C
48312676,Mis Quarterly Executive,J
,Proceedings of the 1st International Workshop on Nonmonotonic and Inductive Logic,
,Information Management in Computer Integrated Manufacturing: A Comprehensive Guide to State-of-the-Art CIM Solutions,
2754574592,USENIX Symposium on Internet Technologies and Systems,C
,Proceedings of the Second International Conference on Algebraic and Logic Programming,
115978759,Oops Messenger,J
,"VIS '91 Verläßliche Informationssysteme, GI-Fachtagung",
1195049314,Conference on Computer Supported Cooperative Work,C
1191009003,International Symposium on Symbolic and Algebraic Computation,C
2622385070,Workshop on Program Comprehension,C
164062316,International Journal of Information Security,J
,AES'04 Proceedings of the 4th international conference on Advanced Encryption Standard,
,BCS HCI/IHM,
1128163780,"International Conference on Computer Safety, Reliability, and Security",C
,UML'04 Proceedings of the 2004 international conference on UML Modeling Languages and Applications,
2754362256,Eurographics,C
,Proceedings of the BCS-FACS Workshop on Specification and Verification of Concurrent Systems,
,IFIP TC11/WG11.3 16th Annual Conference on Data and Applications Security,
2736881203,Informing Science The International Journal of an Emerging Transdiscipline,J
2754318744,International Conference on Parallel and Distributed Information Systems,C
,"Computation Theory and Logic, In Memory of Dieter Rödding",
1122073392,Intelligence and Security Informatics,C
1160224924,International Symposium on Memory Management,C
,"TAPSOFT '89 Proceedings of the International Joint Conference on Theory and Practice of Software Development, Volume 2: Advanced Seminar on Foundations of Innovative Software Development II and Colloquium on Current Issues in Programming Languages",
33368595,International Journal of Approximate Reasoning,J
1149998698,Workshop on Algorithms and Data Structures,C
,"ACSC '95 Proceedings of the 1995 Asian Computing Science Conference on Algorithms, Concurrency and Knowledge",
7020383,Communications of The Ais,J
2754563871,International Conference on Implementation and application of automata,C
190936789,Journal of Cryptology,J
,Engineering Design Applications,
144363146,The Information Society,J
1145863690,Distributed Multimedia Systems,C
1147707288,Information Security and Cryptology,C
,International Workshop on Software Product-Family Engineering,
105581714,Australasian Journal of Information Systems,J
2754954274,International Conference on Virtual Reality,C
117153874,ACM Transactions on Computational Logic,J
1184269240,"Power and Timing Modeling, Optimization and Simulation",C
1169227017,Conference On Spatial Information Theory,C
1185688730,Integrated Formal Methods,C
,"Functional Programming, Concurrency, Simulation and Automated Reasoning: International Lecture Series 1991-1992, McMaster University, Hamilton, Ontario, Canada",
2532822031,Human Language Technology,C
89276529,ACM Transactions on Computer-Human Interaction,J
2754290031,International Conference on Computers Helping People with Special Needs,C
1151763769,International Conference on Enterprise Information Systems,C
2754145061,European Conference on Logics in Artificial Intelligence,C
1165285842,International Conference on Database Theory,C
2626020377,Conference on Organizational Computing Systems,C
201710173,Government Information Quarterly,J
18436875,International Journal of Electronic Commerce,J
,"Linear Time, Branching Time and Partial Order in Logics and Models for Concurrency, School/Workshop",
134484881,Discrete Event Dynamic Systems,J
2537594308,USENIX Security Symposium,C
,EWSL'91 Proceedings of the 5th European Conference on European Working Session on Learning,
,"The Data Parallel Programming Model: Foundations, HPF Realization, and Scientific Applications",
2754197539,International Conference on Agile Software Development,C
1200006883,Inductive Logic Programming,C
,Proceedings of the LITP spring school on theoretical computer science on Semantics of systems of concurrent processes,
1126660374,Cooperative Information Agents,C
,II3E,
1182813114,Eclipse Technology eXchange,C
,Proceedings of the International Workshop on Nonclassical Logics and Information Processing,
1184699546,Database Systems for Advanced Applications,C
1155975711,"Automation, Robotics and Control Systems",C
,Hybrid Systems II,
1162239172,Compiler Construction,C
139392130,Integration,J
,AWOC '88 Proceedings of the 3rd Aegean Workshop on Computing: VLSI Algorithms and Architectures,
2755881205,international workshop on Hybrid Systems: Computation and Control,C
12266929,Journal of Functional Programming,J
1136755600,Field Programmable Gate Arrays,C
59933527,Information & Computation,J
205498627,Wireless Networks,J
2534788800,Text REtrieval Conference,C
2532863000,ACM Conference on Hypertext,C
2764847869,IACR Cryptology ePrint Archive,J
1120693805,Computational Intelligence,C
2642811,ACM Transactions on Information and System Security,J
1151209843,Intelligent Virtual Agents,C
1121553062,Generative Programming and Component Engineering,C
2626575568,Symposium on Software Reusability,C
133768115,Robotics and Autonomous Systems,J
,"Proceedings of the IFIP TC11/ WG11.3 Fourteenth Annual Working Conference on Database Security: Data and Application Security, Development and Directions",
1163279258,Wireless Communications and Networking Conference,C
1198471430,Computer and Communications Security,C
,Proceedings of the International Colloquium on Formalization of Programming Concepts,
2760407404,Language and Technology Conference,C
1131603458,International Symposium on Distributed Computing,C
2606870472,Financial Cryptography,C
,Proceedings of the Fourth 'Colloque International sur la Programmation' on International Symposium on Programming,
2754386153,ACM/IFIP/USENIX international conference on Middleware,C
,Proceedings of the REX School/Workshop on Foundations of Object-Oriented Languages,
1191904734,International Conference on Computational Science and Its Applications,C
1201788207,Multimedia Signal Processing,C
104274287,Geoinformatica,J
120991925,Telecommunications Policy,J
169411308,Fuzzy Sets and Systems,J
1136861413,European Symposium on Programming,C
2755724983,International Conference on Human Haptic Sensing and Touch Enabled Computer Applications,C
70478294,The Journal of Logic and Algebraic Programming,J
,LPKR '97 Selected papers from the Third International Workshop on Logic Programming and Knowledge Representation,
92116948,Sigkdd Explorations,J
1121506370,NASA Formal Methods,C
1173173816,Formal Techniques for (Networked and) Distributed Systems,C
1145706541,International Conference on Concurrency Theory,C
103671469,Discrete and Computational Geometry,J
1177184315,European Conference on Object-Oriented Programming,C
,SLP,
2758740029,Congress of the Italian Association for Artificial Intelligence,C
2759023276,"Language Descriptions, Tools and Applications",C
129573059,International Journal of Human-computer Studies / International Journal of Man-machine Studies,J
1127419992,International Conference on Human-Computer Interaction,C
1141159355,"Doctoral Conference on Computing, Electrical and Industrial Systems",C
,DSV-IS,
2760694600,The Cryptographers’ Track at the RSA Conference,C
,Mechanizing Mathematical Reasoning,
,MUC6 '95 Proceedings of the 6th conference on Message understanding,
18088403,Natural Language Engineering,J
66221708,Journal of Mathematical Imaging and Vision,J
,"Mustererkennung 1996, 18. DAGM-Symposium",
,SSD '95 Proceedings of the 4th International Symposium on Advances in Spatial Databases,
121920818,Data Mining and Knowledge Discovery,J
1153524033,International Cryptology Conference,C
1187904452,Design Automation Conference,C
202403813,Reliability Engineering & System Safety,J
90119964,ACM Transactions on Database Systems,J
2757461969,Central and East European Conference on Software Engineering Techniques,C
1166178324,Network and Parallel Computing,C
1180662882,International Conference on Machine Learning,C
,KGC '93 Proceedings of the Third Kurt Gödel Colloquium on Computational Logic and Proof Theory,
1135602763,Enterprise Distributed Object Computing,C
1195398546,Annual Computer Security Applications Conference,C
1155899826,International Conference on Parallel Processing,C
137030581,IEEE Transactions on Multimedia,J
1156741871,International Symposium on Bioinformatics Research and Applications,C
,Symposium on Computation Theory,
,JELIA '94 Proceedings of the European Workshop on Logics in Artificial Intelligence,
,Proceedings of the NYU Symposium on Data Base Design Techniques I: Requirements and Logical Structures,
,CHARME '95 Proceedings of the IFIP WG 10.5 Advanced Research Working Conference on Correct Hardware Design and Verification Methods,
,"Algebra, Geometry, and Software Systems",
2757313622,IFIP International Conference on Programming Concepts and Methods,C
,Proceedings Eighth Workshop on Hot Topics in Operating Systems,
,"International Conference on Dynamic Modelling of Information Systems;Noordwijkerhout, The Netherlands.1990.",
1173987157,International Conference on Information Theoretic Security,C
1144482763,Energy Minimization Methods in Computer Vision and Pattern Recognition,C
2492086750,ACM Transactions on Intelligent Systems and Technology,J
,IMWS '01 Revised Papers from the NSF Workshop on Developing an Infrastructure for Mobile and Wireless Systems,
,PLILP '90 Proceedings of the 2nd International Workshop on Programming Language Implementation and Logic Programming,
,PFE '01 Revised Papers from the 4th International Workshop on Software Product-Family Engineering,
2754624328,International Conference on Move to Meaningful Internet Systems,C
,Proceedings of the IFIP TC8 WG8.2 International Working Conference on New Information Technologies in Organizational Processes: Field Studies and Theoretical Reflections on the Future of Work,
,Proceedings of the International Workshop on Advanced Information Systems: Geographic Information Systems,
2754249383,International Conference on Information Security,C
,In:  Rules in Database Systems; 1993. p. 180-193.,
1184093072,Integer Programming and Combinatorial Optimization,C
1163988186,International Conference on Data Engineering,C
1135668280,International Conference on Information and Communication Security,C
157921468,ACM Computing Surveys,J
,Programming Languages and Their Definition - Hans Bekic (1936-1982),
1165822292,International Database Engineering and Applications Symposium,C
1176514135,International Conference on Conceptual Modeling,C
2754873749,International Workshop on Petri Nets and Performance Models,C
,Proceedings of the 1994 computer personnel research conference on Reinventing IS : managing information technology in changing organizations,
,Proceedings of the 5th IMA Conference on Cryptography and Coding,
,"Proceedings of an Advanced Course on Petri Nets: Central Models and Their Properties, Advances in Petri Nets 1986-Part II",
1184170611,"Software Engineering, Artificial Intelligence, Networking and Parallel/Distributed Computing",C
1183877910,Smart Card Research and Advanced Application Conference,C
1130177464,Symposium on Discrete Algorithms,C
2539178803,Randomization and Approximation Techniques in Computer Science,C
83150522,ACM Sigsam Bulletin,J
87067389,ACM Transactions on Information Systems,J
193006928,Information Systems,J
,Proceedings of the IFIP WG8.1 Working Conference on Information System Development Process,
2624946902,Symposium on Small Systems,C
2624688297,International Conference on e-Science,C
2764907053,AT&T technical journal,J
1137878512,International Conference on Conceptual Structures,C
1131589359,Measurement and Modeling of Computer Systems,C
110206669,Multimedia Tools and Applications,J
199280970,ACM Sigmis Database,J
2759338279,Conference on Theory and Application of Cryptography,C
2753988958,International Andrei Ershov Memorial Conference on Perspectives of System Informatics,C
36033921,Journal of Intelligent Information Systems,J
1187160151,Dependable Systems and Networks,C
,Proceedings of the Carnegie Mellon Workshop on Logic of Programs,
,EUROCODE '90 Proceedings of the International Symposium on Coding Theory and Applications,
137506714,Knowledge Engineering Review,J
,META-92 Proceedings of the 3rd International Workshop on Meta-Programming in Logic,
,"Tagungsband der GI Fachtagung Datenbanksysteme für Büro, Technik und Wissenschaft (BTW)",
1121227772,"International Conference on Acoustics, Speech, and Signal Processing",C
,On Conceptual Modelling (Intervale),
205899252,IEEE Internet Computing,J
1186729694,International Conference on Web Engineering,C
,HCC,
,Proceedings of the Conference on Logic of Programs,
148324379,Sigplan Notices,J
2755183362,International Conference on Spoken Language Processing,C
50071195,Operating Systems Review,J
2756391745,Conference on Applied Natural Language Processing,C
2757548706,Evolution and Change in Data Management,C
1179107595,European Conference on Artificial Life,C
,"Selected papers from the ICSE SCM-4 and SCM-5 Workshops, on Software Configuration Management",
1158234796,Types for Proofs and Programs,C
,NATO ASI OODBS,
,FTRTFT '00 Proceedings of the 6th International Symposium on Formal Techniques in Real-Time and Fault-Tolerant Systems,
,Hybrid Systems,
1184151122,Symposium on Principles of Database Systems,C
148906134,Applied Categorical Structures,J
35593046,Computing,J
112676551,Ibm Systems Journal,J
1135538937,International Conference on Pervasive Computing,C
1128239323,Information Processing and Management of Uncertainty,C
2755545065,International Workshop on Extensions of Logic Programming,C
,FTRTFT '96 Proceedings of the 4th International Symposium on Formal Techniques in Real-Time and Fault-Tolerant Systems,
,IGIS '94 Proceedings of the International Workshop on Advanced Information Systems: Geographic Information Systems,
,Proceedings of the IFIP TC11 WG 11.3 Twelfth International Working Conference on Database Security XII: Status and Prospects,
1162831978,European Conference on Artificial Intelligence,C
177586587,Computer Supported Cooperative Work,J
1195874795,Intelligent Agents,C
2760419688,International Workshop on Distributed Algorithms,C
110520077,Journal of Algorithms,J
18902827,Discrete Mathematics,J
1158833223,International Conference on Artificial Neural Networks,C
110615584,International Journal on Digital Libraries,J
,"Mustererkennung 1999, 21. DAGM-Symposium",
,AMET '98 Selected Papers from the First International Workshop on Agent Mediated Electronic Trading on Agent Mediated Electronic Commerce,
,Proceedings of the First JSSST International Symposium on Object Technologies for Advanced Software,
,BTW,
,ARTDB,
,Data Types and Persistence (Appin),
,Software - Concepts and Tools,
1191474766,Field-Programmable Logic and Applications,C
38883057,Information & Management,J
,GI Jahrestagung,
,"Grundlagen und Anwendungen der Künstlichen Intelligenz, 17. Fachtagung für Künstliche Intelligenz, Humboldt-Universität zu",
1137907615,Foundations of Information and Knowledge Systems,C
118992489,Journal of the ACM,J
112260463,Electronic Communication of The European Association of Software Science and Technology,J
,Proceedings of the International Summer School on Advanced topics in artificial intelligence,
2756579718,Conceptual Modeling Approaches for e-Business,C
,IDS,
2754955730,"IEEE International Conference on e-Technology, e-Commerce and e-Service",C
1136274694,Pattern Recognition and Machine Intelligence,C
2764391171,Scalable Computing: Practice and Experience,J
,Proceedings of the Second Joint European - US Workshop on Applications of Invariance in Computer Vision,
1120384002,Web Search and Data Mining,C
1163450153,Human Factors in Computing Systems,C
168124881,Software Engineering Journal,J
,STRICT,
7571225,Applied Mathematics Letters,J
1152543101,"Symposium on Abstraction, Reformulation and Approximation",C
1133365479,International Conference on Formal Engineering Methods,C
1133859059,High Performance Transaction Systems Workshop,C
2755068430,IEEE International Conference on Services Computing,C
2622962978,International Conference on Artificial Intelligence and Statistics,C
1176669504,Formal Methods for Industrial Critical Systems,C
1135237122,ACM Multimedia,C
1188726732,Applied Reconfigurable Computing,C
,DAPSYS,
1200222865,International Conference on Distributed Computing Systems,C
1175727152,International Symposium on Algorithms and Computation,C
1181711330,Non-Monotonic Reasoning,C
,"Logic of Programs, Workshop",
183285281,Advances in Computers,J
,"Proceedings of the 5th Jerusalem Conference on Information Technology, 1990. 'Next Decade in Information Technology'",
,Bildverarbeitung f&uuml;r die Medizin,
,Proceedings of the REX Workshop on Sematics: Foundations and Applications,
199944782,IEEE Transactions on Pattern Analysis and Machine Intelligence,J
165542689,Computational Geometry: Theory and Applications,J
139349430,Distributed Computing,J
200677871,"Logiciel, Base De Données, Réseaux / Software, Databases, Networks",J
,Proceedings of an International Workshop on Advanced Programming Environments,
1140961231,Intelligent Information Systems,C
5405189,Autonomous Agents and Multi-Agent Systems,J
1137793517,Passive and Active Network Measurement,C
2757760628,International Conference on Requirements Engineering,C
,OOIS '00 Proceedings of the 6th International Conference on Object Oriented Information Systems,
116712389,European Journal of Information Systems,J
1201175904,International Conference on Reliable Software Technologies,C
141020589,Journal of Computer and System Sciences,J
157146593,Journal of Parallel and Distributed Computing,J
1165958984,Computer Science Logic,C
,Proceedings of RIMS Symposium on Software Science and Engineering,
1180274659,Network and Distributed System Security Symposium,C
1176219363,International Joint Conference on Automated Reasoning,C
1180003657,European Semantic Web Conference,C
1193251834,International Conference on Algorithms and Complexity,C
,BMMDS/EMMSAD,
2756353761,Structure in Complexity Theory Annual Conference,C
1183852906,Theorem Proving with Analytic Tableaux and Related Methods,C
173256270,Computers & Operations Research,J
,Proceedings of the third international colloquium on Coding theory and applications,
,25 Years of Model Checking,
,Logics for databases and information systems,
1173951661,North American Chapter of the Association for Computational Linguistics,C
,Proceedings of the 5th Colloquium on International Symposium on Programming,
1156703377,Network Operations and Management Symposium,C
1156586875,Cross-Language Evaluation Forum,C
2756211806,International Conference on Information Technology: Coding and Computing,C
1180646617,Logic in Databases,C
,IWDM,
2756529587,European Workshop on 3D Structure from Multiple Images of Large-Scale Environments,C
1152462849,ACM Special Interest Group on Data Communication,C
,Proceedings of the IFIP WG 10.5 International Conference on Correct Hardware Design and Verification Methods: Advances in Hardware Design and Verification,
1174248916,Pacific Rim International Conference on Artificial Intelligence,C
1202305278,International Conference on Graph Transformation,C
2756046829,ACM workshop on Multimedia and security,C
1173521070,Web-Age Information Management,C
178916657,IEEE Computer,J
,Handbook of theoretical computer science (vol. A),
1148841353,International Workshop on Peer-to-Peer Systems,C
1203500236,World Congress on Computational Intelligence,C
1168666102,International Conference on Case-Based Reasoning,C
,"TPCD '94 Proceedings of the Second International Conference on Theorem Provers in Circuit Design - Theory, Practice and Experience",
1123077274,Soft Computing,C
,Advances in Object-Oriented Database Systems,
,International Conference on Applications of Databases,
1180700458,Portuguese Conference on Artificial Intelligence,C
1185914153,Frontiers of Combining Systems,C
165512578,SIAM Journal on Scientific Computing,J
,Rendering Techniques,
2626232658,European Design and Test Conference,C
2755927266,IFIP Congress,C
1191550517,Model Driven Engineering Languages and Systems,C
1187089339,Cooperative Distributed Systems,C
1135638846,Symposium on Reliable Distributed Systems,C
2757049256,Leveraging Applications of Formal Methods,C
1127098075,Cryptographic Hardware and Embedded Systems,C
73484101,The International Journal of Robotics Research,J
1132231445,Discovery Science,C
,IFIP World Conference on Mobile Communications,
2759880100,Information Security Conference,C
,MUC3 '91 Proceedings of the 3rd conference on Message understanding,
,"SDL ""99. The Next Millennium. Proceedings of the Ninth SDL Forum",
1166511975,Automated Software Engineering,C
,"NODe '02 Revised Papers from the International Conference NetObjectDays on Objects, Components, Architectures, Services, and Applications for a Networked World",
,NATO ASI DBM,
125499977,Bit Numerical Mathematics,J
,Proceedings of the IFIP 17th World Computer Congress - TC8 Stream on Information Systems: The e-Business Challenge,
,Proceedings of the VIII Banff Higher order workshop conference on Logics for concurrency : structure versus automata: structure versus automata,
,Logic and Data Bases,
2757484200,Multiple Classifier Systems,C
1148330047,"Knowledge Acquisition, Modeling and Management",C
,TAGT'98 Selected papers from the 6th International Workshop on Theory and Application of Graph Transformations,
,Proceedings of the 23rd Annual IFIP WG 11.3 Working Conference on Data and Applications Security XXIII,
2740279309,European Conference on Computational Learning Theory,C
,VIS,
,Proceedings of the symposia 1983 and 1984 on RIMS symposia on software science and engineering II,
1192710900,International Symposium on Circuits and Systems,C
1134662578,International Conference on Cluster Computing,C
4502562,IEEE Transactions on Information Theory,J
,COMPCON Spring '91 Digest of Papers,
1136921216,Computing and Combinatorics Conference,C
125775545,Operations Research,J
2626811229,Digital Rights Management,C
,PDK '91 Proceedings of the International Workshop on Processing Declarative Knowledge,
115004586,Computer Communications,J
89324355,Algorithmica,J
16540516,Advances in Engineering Software,J
,Foundations of knowledge base management,
1174915412,Electronic Commerce,C
161120620,Journal of Philosophical Logic,J
107361000,Advances in Complex Systems,J
2538182508,International Symposium on Wearable Computers,C
113160456,Software Process: Improvement and Practice,J
,Proceedings of the 17th International Software Product Line Conference co-located workshops on ,
,Proceedings of the DIMACS/SYCON workshop on Hybrid systems III : verification and control: verification and control,
195809937,Ecological Informatics,J
,Proceedings of the Third International Conference on Data and Knowledge Bases#R##N#Improving Usability and Responsiveness,
,JELIA '96 Proceedings of the European Workshop on Logics in Artificial Intelligence,
1135342153,The Web Conference,C
1170695740,"Systems, Man and Cybernetics",C
,Automated Reasoning: Essays in Honor of Woody Bledsoe,
,SSD '93 Proceedings of the Third International Symposium on Advances in Spatial Databases,
2754176545,Merged International Parallel Processing Symposium and Symposium on Parallel and Distributed Processing,C
1166230065,Formal Methods in Computer-Aided Design,C
100835903,IEEE Transactions on Computer-Aided Design of Integrated Circuits and Systems,J
1131830996,Australasian Conference on Information Security and Privacy,C
193995496,Computational Complexity,J
135086714,Journal of Information Technology,J
1163618098,IEEE Symposium on Security and Privacy,C
,Proceedings of the 7th international conference on Computer performance evaluation : modelling techniques and tools: modelling techniques and tools,
64245694,Software and Systems Modeling,J
1171345118,Ubiquitous Computing,C
2626915506,Workshop on Rapid Malcode,C
206928812,Journal of Visual Languages and Computing,J
,ICTL '94 Proceedings of the First International Conference on Temporal Logic,
,Selected Papers from the Fourth International Workshop on Foundations of Models and Languages for Data and Objects: Modelling Database Dynamics,
2626107884,Software Configuration Management Workshop,C
,Proceedings of the 2nd European Conference on Readings on Cognitive Ergonomics - Mind and Computers,
45003570,Performance Evaluation,J
165364243,New Generation Computing,J
,"International Conference Logic at Work on Knowledge Representation and Reasoning Under Uncertainty, Logic at Work",
196139623,Artificial Intelligence,J
,"Proceedings of the IFIP TC6/WG6.1 Twelth International Symposium on Protocol Specification, Testing and Verification XII",
,Proceedings of the 2006 international workshop on Self-adaptation and self-managing systems,
2753965711,International Conference on Mathematical Foundations of Programming Semantics,C
35927321,Distributed and Parallel Databases,J
6144335,Journal of Strategic Information Systems,J
1146600191,Foundations of Software Science and Computation Structure,C
1195648157,Conference on Current Trends in Theory and Practice of Informatics,C
10082577,Journal of Documentation,J
,ISOOMS '94 Proceedings of the International Symposium on Object-Oriented Methodologies and Systems,
1135965941,Kommunikation in Verteilten Systemen,C
,Proceedings of the ninth annual IFIP TC11 WG11.3 working conference on Database security IX : status and prospects: status and prospects,
,Advances in Data Base Theory,
1171774888,International Conference on Information Security and Cryptology,C
102439543,Mathematics of Computation,J
2757804427,International conference on Advanced functional programming,C
,Formal Syntax and Semantics of Java,
1134465752,Distributed Applications and Interoperable Systems,C
1190910256,Real Time Technology and Applications Symposium,C
1164472673,"International Symposium on Computer Modeling, Measurement and Evaluation",C
,Proceedings of the 8th European Workshop on Modelling Autonomous Agents in a Multi-Agent World: Multi-Agent Rationality,
1159310735,Mathematics of Program Construction,C
192650101,Information Sciences,J
1186529236,Australasian Database Conference,C
,"Lectures on Petri Nets II: Applications, Advances in Petri Nets, the volumes are based on the Advanced Course on Petri Nets",
2898139291,International conference natural language processing,C
,"Algorithmic Learning for Knowledge-Based Systems, GOSLER Final Report",
2759893951,Algorithmic Number Theory Symposium,C
110231434,International Journal of Business Process Integration and Management,J
1152111034,"World of Wireless, Mobile and Multimedia Networks",C
1173897633,Privacy Enhancing Technologies,C
19032547,BMC Bioinformatics,J
1156688768,International Conference on Network Protocols,C
2756375147,German Workshop on Artificial Intelligence,C
1139274412,International Conference on Image Analysis and Processing,C
1174403976,International Conference on Software Engineering,C
,"Proceedings of the Abstract Software Specifications, 1979 Copenhagen Winter School",
,Proceedings of the international workshop on Expert systems in engineering : Principles and applications: Principles and applications,
117679221,SIAM Journal on Discrete Mathematics,J
1164321581,International Conference on Computer Graphics and Interactive Techniques,C
2533620957,IEEE International Software Metrics Symposium,C
,Proceedings of the 6th Colloquium on International Symposium on Programming,
2758995940,Electronic Government and the Information Systems Perspective,C
,Proceedings of the International Symposium on Database Systems of the 90s,
2734381524,Logic Journal of the IGPL,J
,"Proceedings. First and Third International Symposium on Agent Systems Applications, and Mobile Agents",
1134101006,International Conference on Semantic Computing,C
,COLOG '88 Proceedings of the International Conference on Computer Logic,
1129078273,Information Theory and Applications,C
92260147,Information Systems Journal,J
,Proceedings of the 4th International Conference on Category Theory and Computer Science,
120629676,IEEE Signal Processing Letters,J
1126706392,International Joint Conference on Natural Language Processing,C
,CG '88 Proceedings of the International Workshop on Computational Geometry on Computational Geometry and its Applications,
2757092708,International Symposium on Operating Systems,C
1193108635,Algorithmic Learning Theory,C
96609033,Artificial Intelligence and Law,J
1122308263,Workshop on Information Security Applications,C
27769002,Operations Research Letters,J
1137528458,Theory of Cryptography Conference,C
1157832733,International Symposium on Software Reliability Engineering,C
181659395,Information Systems Frontiers,J
1191753779,International Parallel and Distributed Processing Symposium,C
135221619,Computer Aided Geometric Design,J
2626759157,Symposium on Symbolic and Algebraic Manipulation,C
,"Proceedings of an Advanced Course on Petri Nets: Central Models and Their Properties, Advances in Petri Nets 1986-Part I",
2624075539,Workshop on Fault Diagnosis and Tolerance in Cryptography,C
,Proceedings of the International Workshop on Temporal Databases: Recent Advances in Temporal Databases,
1131341566,International Symposium on Computer Architecture,C
2625581541,ACM SIGOPS European Workshop,C
1133495350,International Conference on Distributed Computing and Internet Technology,C
1128002137,Data Warehousing and Knowledge Discovery,C
,"HOIT '00 Proceedings of the IFIP TC9 WG9.3 International Conference on Home Oriented Informatics and Telematics,: Information, Technology and Society",
,HART '97 Proceedings of the International Workshop on Hybrid and Real-Time Systems,
128556326,"Journal of Combinatorial Theory, Series A",J
,In:  IDS; 1992. p. 265-281.,
151820558,Pattern Recognition Letters,J
1130464007,Automated Technology for Verification and Analysis,C
2757248074,Technology of Object-Oriented Languages and Systems,C
164884734,Annales Des Télécommunications,J
,Selected Papers from the First and the Second European Workshop on Application and Theory of Petri Nets,
153560523,SIAM Journal on Computing,J
106390105,Ibm Journal of Research and Development,J
1168170433,"International Conference on Control, Automation, Robotics and Vision",C
,HCI '98 Proceedings of HCI on People and Computers XIII,
1190589269,Component-Based Software Engineering,C
,On knowledge base management systems: integrating artificial intelligence and d atabase technologies,
1127325140,Neural Information Processing Systems,C
1173836718,High-Assurance Systems Engineering,C
2535638237,International Conference on the Theory and Application of Cryptology and Information Security,C
59697426,IEEE Micro,J
,FOFO '89 Proceedings of the 3rd International Conference on Foundations of Data Organization and Algorithms,
2755314191,European conference on Machine Learning,C
1190735678,Web Services and Formal Methods,C
1187615537,Fundamental Approaches to Software Engineering,C
,CHARME '93 Proceedings of the IFIP WG 10.5 Advanced Research Working Conference on Correct Hardware Design and Verification Methods,
105380075,IEEE Computer Graphics and Applications,J
2706111989,International Conference on Computational Science,C
1174688487,International Symposium on Object/Component/Service-Oriented Real-Time Distributed Computing,C
1148751172,Intelligent Data Engineering and Automated Learning,C
137519996,Electronic Markets,J
2758283624,Fast Software Encryption,C
,MFDBS 91 Proceedings of the 3rd symposium on Mathematical fundamentals of database and knowledge base systems,
1204606053,Uncertainty in Artificial Intelligence,C
185931187,ACM Letters on Programming Languages and Systems,J
1126329156,High-Performance Computer Architecture,C
2758283544,International Conference on Typed Lambda Calculi and Applications,C
122567160,International Journal on Software Tools for Technology Transfer,J
,OOIS,
193109227,ACM Transactions on Computer Systems,J
124867444,International Journal of Computer Mathematics,J
,Workshop on Information Systems and Artificial Intelligence,
,"Programs as Data Objects, Proceedings of a Workshop",
,Refine,
2754640668,IEEE International Symposium on Fault-Tolerant Computing,C
1130677785,Mobile and Wireless Communication Networks,C
,Lecture Notes in Business Information Processing,
2755658758,IEEE Symposium on Visual Languages,C
207090427,Requirements Engineering,J
1165838108,Interactive 3D Graphics and Games,C
160628929,User Modeling and User-adapted Interaction,J
2755646922,Joint Pattern Recognition Symposium,C
59670734,Theory and Practice of Logic Programming,J
1184914352,National Conference on Artificial Intelligence,C
,TEAA'06 Proceedings of the 2nd international conference on Trends in enterprise application architecture,
2757151199,Parallel Computing Technologies,C
1133523790,Very Large Data Bases,C
1168175394,Logic-based Program Synthesis and Transformation,C
134228058,Frontiers of Computer Science in China,J
2756014376,International Conference on Universal Access in Human-Computer Interaction,C
192894947,Mobile Networks and Applications,J
1162450063,Computer Aided Verification,C
,MA '97 Proceedings of the First International Workshop on Mobile Agents,
1160032607,Symposium on Principles of Programming Languages,C
,"Programming Symposium, Proceedings Colloque sur la Programmation",
1124964101,International Symposium on Software Testing and Analysis,C
1167275352,Formal Modeling and Analysis of Timed Systems,C
1201491352,Principles and Practice of Constraint Programming,C
1139686887,World Summit on the Knowledge Society,C
205010575,Information & Software Technology,J
177792750,Decision Sciences,J
1192201180,Database Programming Languages,C
1131605622,International Conference on Pattern Recognition,C
177430994,Image and Vision Computing,J
139930977,Journal of Artificial Intelligence Research,J
1134663949,Asia-Pacific Software Engineering Conference,C
1149945488,Conference on Image and Video Retrieval,C
1121391727,Mexican International Conference on Artificial Intelligence,C
2754683423,Workshop on Management of Replicated Data,C
,AADEBUG '93 Proceedings of the First International Workshop on Automated and Algorithmic Debugging,
,"Künstliche Intelligenz, GWAI-88, 12. Jahrestagung",
,"Entwurf und Betrieb verteilter Systeme, Fachtagung des Sonderforschungsbereiche 124 und 182,",
,"Proceedings on Attribute Grammars, Applications and Systems",
1121242901,International Colloquium on Theoretical Aspects of Computing,C
1138438968,Industrial and Engineering Applications of Artificial Intelligence and Expert Systems,C
,Lecture notes in computer science on Advances in object-oriented database systems,
129236917,World Wide Web,J
,AGTIVE '99 Proceedings of the International Workshop on Applications of Graph Transformations with Industrial Relevance,
2754141368,International Conference on Lightning Protection,C
30879505,Journal of the Association for Information Systems,J
2626428507,National Computer Conference,C
,D-CSCW,
,Proceedings of the Seventh Workshop on Hot Topics in Operating Systems,
1128394114,Applications of Natural Language to Data Bases,C
91252481,Computer Speech & Language,J
2755776721,Workshop on Object-Oriented Technology,C
,CreativeSME,
42468263,Artificial Intelligence in Medicine,J
1134494671,International Conference on Parallel Architectures and Compilation Techniques,C
1160211978,Applied Cryptography and Network Security,C
1200366406,IFIP International Conference on Theoretical Computer Science,C
106148199,Cluster Computing,J
1164203406,Workshop on Recent Trends in Algebraic Development Techniques,C
183885566,Real-time Systems,J
,Towards Hardware-Intrinsic Security,
60606061,International Journal of Geographic Information Systems,J
1151131449,Computer Science and Software Engineering,C
2754527366,International Conference on Business Informatics Research,C
153467142,Journal of Experimental and Theoretical Artificial Intelligence,J
1193787109,Parallel Problem Solving from Nature,C
1142381819,"Text, Speech and Dialogue",C
1132577199,Implementation and Application of Functional Languages,C
101766102,Mathematical Structures in Computer Science,J
,GWAI-86 und 2. Österreichische Artificial-Intelligence-Tagung,
,FODO '93 Proceedings of the 4th International Conference on Foundations of Data Organization and Algorithms,
186357190,Future Generation Computer Systems,J
1143959562,Symposium on Computational Geometry,C
2756322194,European Conference on Computer Algebra,C
1138890651,Symposium on Experimental and Efficient Algorithms,C
2756402760,Workshop on Specification of Abstract Data Types Joint with COMPASS Workshop on Recent Trends in Data Type Specification,C
1154039276,European Symposium on Algorithms,C
6941720,Theoretical Informatics and Applications,J
,Mathematical Programming-The State of the Art,
1140348717,Advances in Geographic Information Systems,C
,Proceedings of the Sixth International Workshop on Information Retrieval with Asian Languages,
185367456,ACM Transactions on Graphics,J
,Relevant Theory and Informed Practice,
1162793720,International Conference on Functional Programming,C
1143160721,Computer Software and Applications Conference,C
103482838,Communications of The ACM,J
1165606533,Software Language Engineering,C
2759539496,International Symposium on Compositionality: Significant Difference,C
18904315,Journal of Symbolic Computation,J
1159491267,Foundations of Genetic Algorithms,C
1158167855,Computer Vision and Pattern Recognition,C
,Proceedings of the Workshop on The Logic of Theory Change,
,DESRIST'10 Proceedings of the 5th international conference on Global Perspectives on Design Science Research,
30880287,Studia Logica,J
,"Applications of Databases 1st International Conference, ADB-94",
140962798,Neural Processing Letters,J
2754547974,ACM SIGCPR/SIGMIS conference on Computer Personnel Research,C
,JELIA '90 Proceedings of the European Workshop on Logics in AI,
,Proceedings of the Second International Workshop on Nonmonotonic and Inductive Logic,
1143723981,International Conference on Computer Communications,C
122814990,Artificial Intelligence Review,J
,GI - 11. Jahrestagung in Verbindung mit Third Conference of the European Co-operation in Informatics (ECI),
2759788639,International Workshop on Mobile Object Systems,C
163326656,ACM Transactions on Mathematical Software,J
,Mobile Agents and Security,
62796702,Journal of Software Maintenance and Evolution: Research and Practice,J
1180389419,European Conference on Computer Supported Cooperative Work,C
,MFDBS 89 Proceedings of the second symposium on Mathematical fundamentals of database systems,
,IWACA '94 Proceedings of the Second International Workshop on Multimedia: Advanced Teleservices and High-Speed Communication Architectures,
106843326,IEEE Distributed Systems Online,J
2755952065,International Conference on Critical Infrastructure Protection,C
,Theoretical studies in computer science,
2764630084,Information Polity archive,J
,Proceedings of the International Workshop on Parallelization in Inference Systems,
1135185882,Service Oriented Software Engineering,C
1175805213,Information Hiding,C
,"ICSP'08 Proceedings of the Software process, 2008 international conference on Making globally distributed software development a success story",
2756326366,International Conference on Entity-Relationship Approach,C
,GI - 4. Jahrestagung,
,Ausgezeichnete Informatikdissertationen,
46746144,Contexts,J
1140070953,Principles of Distributed Computing,C
2754725756,International Conference on Selected areas in Cryptography,C
,"Proceedings of the symposium on Testing, analysis, and verification",
2759168861,International Conference on Progress in Cryptology,C
,WSA '93 Proceedings of the Third International Workshop on Static Analysis,
1133508372,Latin American Symposium on Theoretical Informatics,C
,Secure Internet programming,
1163264588,European Conference on Parallel Processing,C
1164519180,Hawaii International Conference on System Sciences,C
,New Results and New Trends in Computer Science,
1169674987,International Conference on Computational Linguistics,C
1134031032,Mobile Data Management,C
,NMELP '96 Selected papers from the Non-Monotonic Extensions of Logic Programming,
50372074,Applied Mathematics and Computation,J
,Selected Papers from the International Seminar on Partial Evaluation,
1150523337,International Syposium on Methodologies for Intelligent Systems,C
,Object orientation with parallelism and persistence,
118988714,Journal of Machine Learning Research,J
59667848,Random Structures and Algorithms,J
174847851,Information Processing and Management,J
1140082307,Asia-Pacific Web Conference,C
2606469623,Conference on High Performance Computing (Supercomputing),C
137436721,"Graphical Models /graphical Models and Image Processing /computer Vision, Graphics, and Image Processing",J
58208175,Systems and Computers in Japan,J
2626725751,European Software Engineering Conference,C
1163163559,International Conference on Image Processing,C
1189497561,Network Computing and Applications,C
,BPMDS 2010 and EMMSAD 2010,
,FHIES'11 Proceedings of the First international conference on Foundations of Health Informatics Engineering and Systems,
1147734270,Cooperative Information Systems,C
171741597,Discrete Applied Mathematics,J
1141854641,High Performance Distributed Computing,C
2756077945,Conference on Logic Programming,C
2627069240,International Conference on Electronic Commerce,C
9954729,Journal of Management Information Systems,J
,,
